{
  "ScriptInfo": {
    "Name": "XXTLanControl测试",
    "Developer": "havonz",
    "Instructions": "测试脚本"
  },
  "UI": [
    {
      "type": "Label",
      "caption": "一个牛逼的脚本"
    },
    {
      "type": "Edit",
      "caption": "姓名",
      "text": "胡汉三",
      "placeholder": "输入你的名字..."
    },
    {
      "type": "ComboBox",
      "caption": "性别",
      "item": [
        "男",
        "女",
        "人妖"
      ],
      "select": 3,
      "canEdit": false
    },
    {
      "type": "RadioGroup",
      "caption": "最爱玩的游戏",
      "item": [
        "星际争霸",
        "魔兽争霸",
        "魔兽世界",
        "暗黑破坏神",
        "炉石传说",
        "守望先锋"
      ],
      "select": 3,
      "numPerLine": 3
    },
    {
      "type": "CheckBoxGroup",
      "caption": "喜欢的游戏们",
      "item": [
        "星际争霸",
        "魔兽争霸",
        "魔兽世界",
        "暗黑破坏神",
        "炉石传说",
        "守望先锋"
      ],
      "select": [
        2,
        3,
        5
      ],
      "numPerLine": 3
    }
  ],
  "KeyList": {},
  "Config": {}
}