{"ScriptInfo":{"Name":"","Developer":"","BuyLink":"","Instructions":""},"UI":[{"type":"Label","caption":"普通展示文字"},{"type":"Edit","caption":"输入框","text":"123"},{"type":"ComboBox","caption":"下拉框","item":["1","2","3","4","5","6","7"],"select":1},{"type":"RadioGroup","caption":"单选框","item":["111","222","333","444","555","666"],"select":1},{"caption":"多选框","type":"CheckBoxGroup","item":["aaa","bbb","ccc","ddd","eee","fff"],"select":[1]}],"KeyList":{},"Config":{"输入框":"123","下拉框":1,"单选框":1,"多选框":[1,4]}}